{"cameraMode":{"drawMode":0,"name":"Shaded","section":"Shading Mode"},"sceneLighting":true,"audioPlay":false,"sceneViewState":{"showFog":true,"showMaterialUpdate":false,"showSkybox":true,"showFlares":true,"showImageEffects":true,"showParticleSystems":true,"showVisualEffectGraphs":true,"m_FxEnabled":true},"in2DMode":false,"pivot":{"x":0.4416372776031494,"y":-0.5523042678833008,"z":4.300413131713867},"rotation":{"x":0.25206950306892397,"y":0.03627840057015419,"z":-0.009456409141421318,"w":0.9669890403747559},"size":8.768135070800782,"orthographic":false}