{"cameraMode":{"drawMode":0,"name":"Shaded","section":"Shading Mode"},"sceneLighting":true,"audioPlay":false,"sceneViewState":{"showFog":true,"showMaterialUpdate":false,"showSkybox":true,"showFlares":true,"showImageEffects":true,"showParticleSystems":true,"showVisualEffectGraphs":true,"m_FxEnabled":true},"in2DMode":false,"pivot":{"x":-0.00020316243171691895,"y":0.17342281341552735,"z":3.9934091567993166},"rotation":{"x":0.24351449310779572,"y":-0.010184498503804207,"z":0.0025575815234333278,"w":0.9698475003242493},"size":10.565817832946778,"orthographic":false}