{"cameraMode":{"drawMode":0,"name":"Shaded","section":"Shading Mode"},"sceneLighting":true,"audioPlay":false,"sceneViewState":{"showFog":true,"showMaterialUpdate":false,"showSkybox":true,"showFlares":true,"showImageEffects":true,"showParticleSystems":true,"showVisualEffectGraphs":true,"m_FxEnabled":true},"in2DMode":false,"pivot":{"x":-7.485683441162109,"y":-6.1482744216918949,"z":15.677156448364258},"rotation":{"x":0.21920561790466309,"y":-0.21170645952224732,"z":0.04878775402903557,"w":0.9511869549751282},"size":14.586089134216309,"orthographic":false}