{"cameraMode":{"drawMode":0,"name":"Shaded","section":"Shading Mode"},"sceneLighting":true,"audioPlay":false,"sceneViewState":{"showFog":true,"showMaterialUpdate":false,"showSkybox":true,"showFlares":true,"showImageEffects":true,"showParticleSystems":true,"showVisualEffectGraphs":true,"m_FxEnabled":true},"in2DMode":false,"pivot":{"x":1.0465984344482422,"y":-2.521444320678711,"z":7.214471817016602},"rotation":{"x":0.15682826936244965,"y":0.01629503071308136,"z":-0.002587901894003153,"w":0.9874879717826843},"size":9.190934181213379,"orthographic":false}