{"cameraMode":{"drawMode":0,"name":"Shaded","section":"Shading Mode"},"sceneLighting":false,"audioPlay":false,"sceneViewState":{"showFog":false,"showMaterialUpdate":false,"showSkybox":false,"showFlares":false,"showImageEffects":false,"showParticleSystems":false,"showVisualEffectGraphs":true,"m_FxEnabled":true},"in2DMode":false,"pivot":{"x":0.632632851600647,"y":0.14638662338256837,"z":-0.06424522399902344},"rotation":{"x":-0.03175109252333641,"y":-0.05784137547016144,"z":0.0018487973138689995,"w":-0.9978362321853638},"size":2.1247448921203615,"orthographic":false}