{"cameraMode":{"drawMode":0,"name":"Shaded","section":"Shading Mode"},"sceneLighting":true,"audioPlay":false,"sceneViewState":{"showFog":false,"showMaterialUpdate":false,"showSkybox":true,"showFlares":false,"showImageEffects":false,"showParticleSystems":false,"showVisualEffectGraphs":true,"m_FxEnabled":true},"in2DMode":false,"pivot":{"x":-1.3858484029769898,"y":2.645909309387207,"z":-3.272960662841797},"rotation":{"x":0.28289535641670229,"y":-0.000006737059266015422,"z":0.0000014909624042047654,"w":0.9591516256332398},"size":3.4111504554748537,"orthographic":false}