{"cameraMode":{"drawMode":0,"name":"Shaded","section":"Shading Mode"},"sceneLighting":true,"audioPlay":false,"sceneViewState":{"showFog":false,"showMaterialUpdate":false,"showSkybox":true,"showFlares":false,"showImageEffects":false,"showParticleSystems":false,"showVisualEffectGraphs":true,"m_FxEnabled":true},"in2DMode":false,"pivot":{"x":-0.00007462501525878906,"y":3.551504135131836,"z":2.306568145751953},"rotation":{"x":0.28063324093818667,"y":0.07332919538021088,"z":-0.021508939564228059,"w":0.9567692279815674},"size":9.12024974822998,"orthographic":false}