{"cameraMode":{"drawMode":0,"name":"Shaded","section":"Shading Mode"},"sceneLighting":true,"audioPlay":false,"sceneViewState":{"showFog":false,"showMaterialUpdate":false,"showSkybox":true,"showFlares":false,"showImageEffects":false,"showParticleSystems":false,"showVisualEffectGraphs":true,"m_FxEnabled":true},"in2DMode":false,"pivot":{"x":0.044423818588256839,"y":1.2809123992919922,"z":0.7528476715087891},"rotation":{"x":0.2504969835281372,"y":0.1230265274643898,"z":-0.03211124241352081,"w":0.9597324132919312},"size":5.354037761688232,"orthographic":false}