{"cameraMode":{"drawMode":0,"name":"Shaded","section":"Shading Mode"},"sceneLighting":true,"audioPlay":false,"sceneViewState":{"showFog":false,"showMaterialUpdate":false,"showSkybox":true,"showFlares":false,"showImageEffects":false,"showParticleSystems":false,"showVisualEffectGraphs":true,"m_FxEnabled":true},"in2DMode":false,"pivot":{"x":0.42637157440185549,"y":2.780967950820923,"z":2.4173216819763185},"rotation":{"x":0.20728720724582673,"y":-0.01027856208384037,"z":0.002176950452849269,"w":0.9782278537750244},"size":4.871159553527832,"orthographic":false}