{"cameraMode":{"drawMode":0,"name":"Shaded","section":"Shading Mode"},"sceneLighting":true,"audioPlay":false,"sceneViewState":{"showFog":false,"showMaterialUpdate":false,"showSkybox":true,"showFlares":false,"showImageEffects":false,"showParticleSystems":false,"showVisualEffectGraphs":true,"m_FxEnabled":true},"in2DMode":false,"pivot":{"x":0.52543044090271,"y":3.7015888690948488,"z":-3.3696722984313967},"rotation":{"x":-0.03175109252333641,"y":-0.05784137547016144,"z":0.0018487973138689995,"w":-0.9978362321853638},"size":1.8589999675750733,"orthographic":false}