{"cameraMode":{"drawMode":0,"name":"Shaded","section":"Shading Mode"},"sceneLighting":true,"audioPlay":false,"sceneViewState":{"showFog":false,"showMaterialUpdate":false,"showSkybox":true,"showFlares":false,"showImageEffects":false,"showParticleSystems":false,"showVisualEffectGraphs":true,"m_FxEnabled":true},"in2DMode":false,"pivot":{"x":0.30519282817840578,"y":5.35936164855957,"z":-3.751675605773926},"rotation":{"x":-0.0013688149629160762,"y":-0.9800870418548584,"z":0.19847969710826875,"w":-0.006756188813596964},"size":5.724745750427246,"orthographic":false}