{"cameraMode":{"drawMode":0,"name":"Shaded","section":"Shading Mode"},"sceneLighting":true,"audioPlay":false,"sceneViewState":{"showFog":false,"showMaterialUpdate":false,"showSkybox":true,"showFlares":false,"showImageEffects":false,"showParticleSystems":false,"showVisualEffectGraphs":true,"m_FxEnabled":true},"in2DMode":false,"pivot":{"x":0.2742016315460205,"y":1.0295486450195313,"z":2.0071229934692385},"rotation":{"x":0.28063324093818667,"y":0.07332919538021088,"z":-0.021508939564228059,"w":0.9567692279815674},"size":7.065972805023193,"orthographic":false}